{
  "files": [
    { "name": "SIMDEMO.EXE", "executable": true },
    { "name": "INSTDEMO.EXE" },
    { "name": "README" },
    { "name": "TDYSCEN.PPF" },
    { "name": "TDYNTRO.PPF" },
    { "name": "TDYDAT.PGF" },
    { "name": "SEGASCEN.PPF" },
    { "name": "SEGANTRO.PPF" },
    { "name": "SEGADAT.PGF" },
    { "name": "CEGASCEN.PPF" },
    { "name": "CEGANTRO.PPF" },
    { "name": "CEGADAT.PGF" },
    { "name": "MONOSCEN.PPF" },
    { "name": "MONONTRO.PPF" },
    { "name": "MONODAT.PGF" },
    { "name": "CGASCEN.PPF" },
    { "name": "CGANTRO.PPF" },
    { "name": "CGADAT.PGF" },
    { "name": "SCRIPT.DMO" },
    { "name": "SOUNDDAT.PSF" },
    { "name": "SMALL2.DTY" },
    { "name": "SMALL1.DTY" },
    { "name": "SMALL.DTY" },
    { "name": "DISAST.DTY" },
    { "name": "TOKYO.PSN" },
    { "name": "SANFRAN.PSN" },
    { "name": "RIO.PSN" },
    { "name": "HAMBURG.PSN" },
    { "name": "DULLSVIL.PSN" },
    { "name": "DETROIT.PSN" },
    { "name": "BOSTON.PSN" },
    { "name": "BERN.PSN" }
  ],
  "main": "SIMDEMO.EXE"
} 